Название;Место;Дата проведения;Организатор;Ссылка
International Conference on Architecture Engineering and Technology (AET) Egypt 2021 - международная конференция по проектированию и архитектуре;Онлайн, Веб; с 11 по 13 января ;IEREK;https://expomap.ru/conference/international-conference-on-architecture-engineering-and-technology-aet-egypt-2021/
Landscape Ontario Congress 2021 - конференция по ландшафтному дизайну;Онлайн, Веб; с 12 по 14 января ;Landscape Ontario Horticultural Trades Association;https://expomap.ru/conference/landscape-ontario-congress-2021/
PCMA Convening Leaders 2021 - встреча руководителей индустрии встреч;Онлайн, Веб; с 11 по 15 января ;PCMA;https://expomap.ru/conference/pcma-convening-leaders-2021/
Vancouver Resource Investment Conference (VRIC) 2021 - инвестиционный конгресс;Канада, Ванкувер; с 17 по 18 января ;Cambridge House International;https://expomap.ru/conference/vancouver-resource-investment-conference-vric-2021/
ASPN Annual Meeting 2021 - собрание Американского общества по восстановлению периферических нервов;Онлайн, Веб; с 15 по 22 января ;ASPN;https://expomap.ru/conference/aspn-annual-meeting-2021/
International Luxury Property and Residency Conference Davos 2021 - международная выставка и конференция элитной недвижимости;Швейцария, Давос; с 21 по 25 января Новые даты не анонсированы;ILP Group Ltd. UK;https://expomap.ru/conference/international-luxury-property-and-residency-conference-davos-2021/
Facilities Management (FM) Forum 2021 - форум по управлению и облслуживанию объектов недвижимости;Онлайн, Веб; с 25 по 26 января ;Forum Events Limited;https://expomap.ru/conference/facilities-management-fm-forum-2021/
Банковское самообслуживание, ритейл и НДО 2021 - международный ПЛАС-форум;Россия, Москва , Radisson SAS Slavyanskaya; с 26 по 27 января ;Журналы «ПЛАС» и Retail & Loyalty;https://expomap.ru/conference/bankovskoe-samoobsluzhivanie-ritejl-i-ndo-2021/
Платежный бизнес 2021 - международный ПЛАС-Форум;Россия, Москва , Radisson Slavyanskaya Hotel & Business Center; с 26 по 27 января ;PLUS-Alliance Group;https://expomap.ru/conference/platezhnyj-biznes-2021/
Управление корпоративным автопарком в России 2021 - конференция;Россия, Москва; 28 января 2021 ;Continent Group;https://expomap.ru/conference/upravlenie-korporativnym-avtoparkom-v-rossii-2021/
EFEA 2021 - евразийский ивент форум;Россия, Санкт-Петербург , Конгрессный центр «ПетроКонгресс»; с 27 по 29 января ;Выставочный научно-исследовательский центр (ВНИЦ) R&C;https://expomap.ru/expo-b/click/5720//
Event LIVE 2021 - форум для профессионалов ивент индустрии;Россия, Санкт-Петербург , Конгрессный центр «ПетроКонгресс»; 29 января 2021 ;Выставочный научно-исследовательский центр (ВНИЦ) R&C, Event-Live;https://expomap.ru/conference/event-live-2021/
Digital Pathology & AI Congress: Asia 2021 - конференция по цифровому диагностированию патологий;Южная Корея, Сеул; с 28 по 29 января Новые даты не анонсированы;Global Engage Ltd;https://expomap.ru/conference/digital-pathology-ai-congress-asia-2021/
Go West 2021 - международная конференция по решениям и технологиям для событийной индустрии;Канада, Эдмонтон; с 31 января по 2 февраля ;Timewise Event Management Inc.;https://expomap.ru/conference/go-west-2021/
International Conference on Waste Management and Remediation Engineering (ICWMRE) 2021 - международная конференция по управлению отходами;Онлайн, Веб; с 1 по 2 февраля ;;https://expomap.ru/conference/international-conference-on-waste-management-and-remediation-engineering-icwmre-2021/
SuperReturn US West 2021 - финансовая конференция;США, Лос-Анджелес; с 2 по 3 февраля ;Informa PLC;https://expomap.ru/conference/superreturn-us-west-2021/
Aerospace & Defense Sevilla 2021 - международная конвенция авиационно-космической промышленности;Испания, Севилья; с 2 по 4 февраля ;abe (advanced business events);https://expomap.ru/conference/aerospace-defense-sevilla-2021/
Cospar 2021 - международная конференция по космосу (оффлайн+онлайн);Австралия, Сидней , ICC Sydney; с 28 января по 4 февраля ;Zarm Fab mbH  Am Fallturm;https://expomap.ru/conference/cospar-2021/
Big Trade-Marketing Show 2021 - бизнес-форум по торговому маркетингу;Украина, Киев; 5 февраля 2021 ;TradeMasterGroup;https://expomap.ru/conference/big-trade-marketing-show-2021/
International Conference on Computing Science, Communication and Security (COMS2) & Doctoral Colloquium 2021 - международная конференция по вычислительной технике, коммуникациям и безопасности;Индия, Мехсана , Ganpat University; с 6 по 7 февраля ;Ganpat University;https://expomap.ru/conference/international-conference-on-computing-science-communication-and-security-coms2-doctoral-colloquium-2021/
Creativity, Critical Thinking and Problem Solving Conference Mumbai 2021 - международная конференция по принятию решений;Индия, Мумбаи; 8 февраля 2021 ;World Academy of Science, Engineering and Technology;https://expomap.ru/conference/creativity-critical-thinking-and-problem-solving-conference-mumbai-2021/
Creativity, Critical Thinking and Problem Solving Conference Lisbon 2021 - международная конференция по принятию решений;Онлайн, Веб; с 8 по 9 февраля ;World Academy of Science, Engineering and Technology;https://expomap.ru/conference/creativity-critical-thinking-and-problem-solving-conference-lisbon-2021/
NADA Convention 2021 - конференция и выставка автомобильных дилеров;Онлайн, Веб; с 21 по 24 января с 9 по 11 февраля ;National Automobile Dealers Association;https://expomap.ru/conference/nada-convention-2021/
ASHRAE Winter Conference 2021 - конференция по вопросам климат-контроля;Онлайн, Веб; с 23 по 27 января с 9 по 11 февраля ;ASHRAE;https://expomap.ru/conference/ashrae-winter-conference-2021/
АгроЮг 2021 - международный инвестиционный форум;Россия, Ставрополь , Министерство сельского хозяйства Ставропольского края; 11 февраля 2021 Новые даты не анонсированы;Vostock Capital;https://expomap.ru/conference/agrojug-2021/
Routes Americas 2021 - конференция по разработке авиационных маршрутов;Колумбия, Богота; с 9 по 11 февраля ;Routes;https://expomap.ru/conference/routes-americas-2021/
Nuclear Deterrence Summit 2021 - саммит по ядерному сдерживанию;США, Александрия , The Westin Alexandria; с 9 по 11 февраля Новые даты не анонсированы;Access Intelligence, LLC.;https://expomap.ru/conference/nuclear-deterrence-summit-2021/
ТБ Форум 2021 - международный форум по технологиям безопасности;Россия, Москва; с 9 по 11 февраля ;ООО «Гротек»;https://expomap.ru/conference/tb-forum-2021/
TradeTech FX USA 2021 - конференция по системам торговли;Онлайн, Веб; с 9 по 11 февраля ;World Business Research (WBR);https://expomap.ru/conference/tradetech-fx-usa-2021/
Цифровой ритейл: диалог на высшем уровне 2021 - конференция по вопросам рыночного бизнеса;Россия, Москва; 11 февраля 2021 ;CFO-Russia, группа Prosperity Media;https://expomap.ru/conference/tsifrovoj-ritejl-dialog-na-vysshem-urovne-2021/
PR+ Forum 2021 - всероссийский форум профессионалов сферы PR;Россия, Москва , Холидей Инн Москва Сущевский; с 10 по 12 февраля ;InterForum;https://expomap.ru/conference/pr-forum-2021/
OOP 2021 - конференция по программированию и архитектуре программного обеспечения;Германия, Мюнхен; с 8 по 12 февраля ;SIGS DATACOM GmbH;https://expomap.ru/conference/oop-2021/
PaperWeek Canada 2021 - выставка целлюлозно-бумажной технической ассоциации Канады;Канада, Монреаль; с 8 по 12 февраля ;Pulp and Paper Technical Association of Canada;https://expomap.ru/conference/paperweek-canada-2021/
Australian Small Bridges Conference 2021 - международная конференция по мостам для автомобильного, железнодорожного и велосипедного транспорта;Австралия, Голд-Кост , JW Marriott Gold Coast Resort & SPA; с 15 по 16 февраля ;Leading Infrastructure Pty Ltd;https://expomap.ru/conference/australian-small-bridges-conference-2021/
Внутренний контроль и внутренний аудит как инструменты повышения эффективности бизнеса 2021 - конференция;Россия, Москва; 16 февраля 2021 ;CFO-Russia, группа Prosperity Media;https://expomap.ru/conference/vnutrennij-kontrol-i-vnutrennij-audit-kak-instrumenty-povyshenija-effektivnosti-biznesa-2021/
Oceanology International North America 2021 - международный форум океанологов;США, Сан-Диего , San Diego Convention Center; с 16 по 17 февраля ;Reed Exhibitions Ltd/;https://expomap.ru/conference/oceanology-international-north-america-2021/
World HRD Congress 2021 - международный конгресс по подбору персонала;Индия, Мумбаи , Fun & Joy Office at Prime Plaza; с 15 по 17 февраля ;CMO Asia;https://expomap.ru/conference/world-hrd-congress-2021/
Гидроэнергетика. Каспий и Центральная Азия 2021 - международный конгресс и выставка по гидроэнергетике;Узбекистан, Ташкент; с 17 по 18 февраля ;Vostock Capital;https://expomap.ru/conference/gidroenergetika-kaspij-i-tsentralnaja-azija-2021/
SPIE Medical Imaging 2021 - международная конференция по медицинской визуализации;США, Сан-Диего , Town and Country Resort and Convention Center; с 14 по 18 февраля ;SPIE;https://expomap.ru/conference/spie-medical-imaging-2021/
World CSR Day 2021 - международный конгресс по вопросам КСО;Индия, Мумбаи , Fun & Joy Office at Prime Plaza; 18 февраля 2021 ;CMO Asia;https://expomap.ru/conference/world-csr-day-2021/
All in Top Conf 2021 - профессиональная практическая SEO конференция;"Россия, Москва , гостиница ""Салют"""; с 17 по 18 февраля ;All in Top;https://expomap.ru/conference/all-in-top-conf-2021/
Nitrogen + Syngas USA 2021 - международная выставка и конференция производства азота и сингаза;Онлайн, Веб; с 16 по 18 февраля ;CRU Events;https://expomap.ru/conference/nitrogen-syngas-usa-2021/
МАК 2021 - межрегиональная агропромышленная конференция;"Россия, Челябинск , Отель ""Radisson Blu"""; с 17 по 18 февраля ;"ООО ""Первое выставочное объединение""";https://expomap.ru/conference/mak-2021/
Информационные технологии в казначействе 2021 - конференция;Россия, Москва; 18 февраля 2021 ;CFO-Russia, группа Prosperity Media;https://expomap.ru/conference/informatsionnyie-tehnologii-v-kaznachejstve-2021/
Зерно России 2021 - международный сельскохозяйственный форум;Россия, Краснодар; 19 февраля 2021 ;Журнал Агробизнес;https://expomap.ru/conference/zerno-rossii-2021/
SAM Symposium 2021 - международный симпозиум по эстетической медицине;Россия, Москва , Центр международной торговли на Красной Пресне; с 20 по 22 января с 17 по 19 февраля ;ЭкспоМедиаГруппа «Старая крепость»,Журнал «Эстетическая медицина»;https://expomap.ru/conference/sam-symposium-2021/
EUEC 2021 - конференция по энергетике и состоянию окружающей среды;Онлайн, Веб , Convention Center; с 8 по 19 февраля ;EUEC;https://expomap.ru/conference/euec-2021/
Shift Your Perspective to Next Gen Pricing 2021 - международная конференция по ценообразованию (оффлайн+онлайн);Россия, Сочи , Rosa KHUTOR отель Radisson; с 18 по 19 февраля ;My Retail Strategy;https://expomap.ru/conference/shift-your-perspective-to-next-gen-pricing-2021/
Networking Show Conference 2021 - конференция о новых тенденциях бизнес-коммуникаций и современных возможностях;Россия, Москва , LoftFar4; с 19 по 20 февраля ;JC Agency;https://expomap.ru/conference/networking-show-conference-2021/
Primed South Conference 2021 - международная медицинская конференция;США, Орландо; с 18 по 21 февраля ;Primed;https://expomap.ru/conference/primed-south-conference-2021/
SPIE Advanced Lithography 2021 - международная конференция по микролитографии;США, Сан-Хосе , San Jose Marriott and San Jose Convention Center; с 21 по 25 февраля ;SPIE;https://expomap.ru/conference/spie-advanced-lithography-2021/
World Sustainable Energy Days (WSED) 2021 - специализированная выставка и конференция по энергетической промышленности;Австрия, Вельс , Stadthalle Wels; с 24 по 26 февраля ;Energiesparverband;https://expomap.ru/conference/world-sustainable-energy-days-wsed-2021/
Customer Contact Week Disrupt 2021 - конференция по вопросам работы контактных центров (оффлайн+онлайн);Австралия, Сидней , Doltone House Jones Bay Wharf; с 23 по 26 февраля ;IQPC;https://expomap.ru/conference/cutomerl-contact-disrupt-2021/
Управление закупками в компании 2021 - специализаированная конференция;Россия, Москва; 26 февраля 2021 ;CFO-Russia, группа Prosperity Media;https://expomap.ru/conference/upravlenie-zakupkami-v-kompanii-2021/
MPA Convention And Exposition 2021 - международный конвент и выставка здравоохранения;Онлайн, Веб; с 26 по 27 февраля ;MPA;https://expomap.ru/conference/mpa-convention-and-exposition-2021/
"Медицинская помощь при травмах 2021 - международный конгресс на тему ""Новое в организации и технологиях. Роль национальной общественной профессиональной организации травматологов в системе здравоохранения РФ""";Россия, Санкт-Петербург , Отель «Crowne Plaza St. Petersburg Airport»; с 26 по 27 февраля ;ОО «Человек и его здоровье»;https://expomap.ru/conference/meditsinskaja-pomosch-pri-travmah-2021/
FACE ASEAN 2021 - конференция и выставка по эстетической медицине лица;Индонезия, Бали; с 27 по 28 февраля ;InformaMarkets;https://expomap.ru/conference/face-asean-2021/
Face & Body Conference Midwest 2021 - международная конференция косметологов по уходу за кожей;США, Роузмонт , Donald E. Stephens Convention Center; с 28 февраля по 1 марта ;Allured Business Media;https://expomap.ru/conference/face-body-conference-midwest-2021/
MRO Middle East Summit 2021 - саммит по техобслуживанию в коммерческой авиации;ОАЭ, Дубай; 1 марта 2021 ;InformaMarkets;https://expomap.ru/conference/mro-middle-east-2021/
MALT Congress 2021 - международная конференция MICE и роскошного туризма;ОАЭ, Дубай; с 1 по 2 марта ;QNA International;https://expomap.ru/conference/malt-congress-2021/
Social Media Marketing World 2021 - конференция по социальным медиа;США, Сан-Диего , San Diego Convention Center; с 28 февраля по 2 марта ;Social Media Examiner;https://expomap.ru/conference/social-media-marketing-world-2021/
GR Force 2021 - форум о взаимодействии бизнеса и власти;Россия, Москва , Marriott Moscow Hotel Novy Arbat; 2 марта 2021 ;Auditorium CG;https://expomap.ru/conference/gr-force-2021/
DealMaker Los Angeles 2021 - конференция по ведению бизнеса, маркетингу и рекламе;США, Лос-Анджелес , Terranea; с 2 по 3 марта Новые даты не анонсированы;Rakuten Marketing LLC;https://expomap.ru/conference/dealmaker-los-angeles-2021/
Nitrogen + Syngas Rome 2021 - международная выставка и конференция производства азота и сингаза;Италия, Рим; с 1 по 3 марта ;CRU Events;https://expomap.ru/conference/nitrogen-syngas-rome-2021/
ICCX Central Europe 2021 - международная конференция и выставка по бетону;Польша, Варшава; с 3 по 4 марта ;Ad media GmbH Germany;https://expomap.ru/conference/iccx-central-europe-2021/
Summit for Clinical Trials Ops Executives (SCOPE) 2021 - конференция по вопросам клинических исследований;Онлайн, Веб , Rosen Shingle Creek; с 2 по 4 марта ;CHI - Cambridge Healthtech Institute;https://expomap.ru/conference/summit-for-clinical-trials-ops-executives-scope-2021/
Smart Building 2021 - международный форум;Украина, Киев; с 3 по 4 марта ;"ОО «Предпринимательский Клуб»; Компания «MONET»";https://expomap.ru/conference/smart-building-2021/
Digital Future Congress Frankfurt 2021 - конференция по информационным технологиям;Германия, Франкфурт , Messe Frankfurt; 4 марта 2021 ;AMC Media Network GmbH & Co. KG;https://expomap.ru/conference/digital-future-congress-frankfurt-2021/
Scope Summit for Clinical OPS Executives 2021 - ежегодная конференция по вопросам клинических исследований;США, Орландо , Rosen Shingle Creek; с 1 по 4 марта ;Cambridge Health Institute (CHI);https://expomap.ru/conference/scope-summit-for-clinical-ops-executives-2021/
Даунстрим Россия 2021 - конференция о строительстве и модернизации НПЗ,ГПЗ и НХП;Россия, Краснодар; с 2 по 4 марта ;Vostock Capital UK;https://expomap.ru/conference/daunstrim-rossija-2021/
THE CEO'S PR 2021 - практический форум по продвижению первых лиц;Россия, Москва , Marriott Moscow Hotel Novy Arbat; 4 марта 2021 ;Auditorium CG;https://expomap.ru/conference/the-ceos-pr-2021/
Российский форум полеводов 2021 - сельскохозяйственный форум;Россия, Краснодар , Four Points by Sheraton Krasnodar; 21 мая 2021 5 марта 2021 ;Журнал «Агробизнес»;https://expomap.ru/conference/rossijskij-forum-polevodov-2021/
American Montessori Society Conference 2021 - конференция членов Общества педагогики Монтессори США;Онлайн, Веб; с 5 по 6 марта ;American Montessori Society;https://expomap.ru/conference/american-montessori-society-conference-2021/
Congress of the Brazilian Society of Retina and Vitreous 2021 - конгресс по офтальмологии;Бразилия, Сан-Паулу , Bienal Pavilion; с 3 по 6 марта ;Fernanda Prestes Eventos;https://expomap.ru/conference/congress-of-the-brazilian-society-of-retina-and-vitreous-2021/
Pacific Dental Conference 2021 - тихоокеанская стоматологическая конференция и выставка;Онлайн, Веб; с 4 по 6 марта ;Pacific Dental Conference;https://expomap.ru/conference/pacific-dental-conference-2021/
BIO Asia 2021 - международная конференция по биотехнологиям;Япония, Токио , Grand Hyatt Tokyo; с 9 по 10 марта ;Bio (Biotechnology Industry Organization);https://expomap.ru/conference/bio-asia-2021/
North Carolina Airports Association Conference 2021 - конференция по гражданской авиации;США, Пайнхерст , Pinehurst Resort; с 9 по 11 марта ;NC Airports Association;https://expomap.ru/conference/north-carolina-airports-association-conference-2021/
Pittcon 2021 - международная выставка и конференция контрольно-измерительной аппаратуры;Онлайн, Веб; с 8 по 12 марта ;Pittsburgh Conference;https://expomap.ru/conference/pittcon-2021/
International Drilling Conference and Exhibition 2021 - международная конференция и выставка по бурению;Онлайн, Веб , Stavanger Forum; с 8 по 12 марта ;IADC;https://expomap.ru/conference/international-drilling-conference-and-exhibition-2021/
Future Food-Tech 2021 - международная конференция по вопросам технологий и инноваций в пищевой промышленности;Онлайн, Веб; с 11 по 12 марта ;Rethink Events Ltd;https://expomap.ru/conference/future-food-tech-2021/
Annual SPA Convention 2021 - конференция по личностному росту;США, Бостон , Boston Marriott Cambridge; с 17 по 20 марта ;SPA.;https://expomap.ru/conference/annual-spa-convention-2021/
Cancun Anesthesia Seminar 2021 - семинар по анестезии;Мексика, Канкун , Ritz-Carlton; с 13 по 20 марта ;Holiday Seminars;https://expomap.ru/conference/cancun-anesthesia-seminar-2021/
Hillsong Colour Conference New York 2021 - всемирная женская конференция;США, Нью-Йорк; с 19 по 20 марта ;Hillsong;https://expomap.ru/conference/hillsong-colour-conference-new-york-2021/
Благополучие и вовлеченность персонала 2021 - форум (оффлайн+онлайн);Россия, Москва , медиа-центр Palmira Business Club; с 19 по 20 марта ;"ООО ""Культура Счастья""";https://expomap.ru/conference/blagopoluchie-i-vovlechennost-personala-2021/
European Conference on Pharmaceutics 2021 - фармацевтическая конференция;Франция, Марсель , Marseille Chanot Exhibition and convention centre; с 22 по 23 марта ;Arbeitsgemeinschaft fur Pharmazeutische Verfahrenstechnik e. V. (APV);https://expomap.ru/conference/european-conference-on-pharmaceutics-2021/
Передовые Технологии Автоматизации. ПТА - Уфа 2021 - специализированная конференция по промышленной автоматизации и встраиваемым системам;Россия, Уфа , Holiday Inn Ufa; 24 марта 2021 ;ООО «ЭКСПОТРОНИКА»;https://expomap.ru/conference/peredovye-tehnologii-avtomatizatsii-pta-ufa-2021/
Customer Contact Week Asia 2021 - ежегодная конференция по вопросам работы контактных центров Азии;Онлайн, Веб; с 22 по 24 марта ;CX Network;https://expomap.ru/conference/cutomerl-contact-week-asia-2021/
Next Generation Customer Experience (NGCX) 2021 - конференция по вопросам межотраслевых стратегий повышения качества обслуживания клиентов;США, Индиан-Уэллс , Hyatt Regency Indian Wells; с 22 по 24 марта Новые даты не анонсированы;Worldwide Business Research (WBR);https://expomap.ru/conference/next-generation-customer-experience-ngcx-2021/
Управление талантами 2021 - всероссийский HR-Форум;Россия, Москва , Hilton Garden Inn Moscow Krasnoselskaya; 24 марта 2021 ;Auditorium CG;https://expomap.ru/conference/upravlenie-talantami-2021/
Корпоративное налоговое планирование 2021 - конференция;Россия, Москва; с 23 по 24 марта ;CFO-Russia, группа Prosperity Media;https://expomap.ru/conference/korporativnoe-nalogovoe-planirovanie-2021/
APAIE 2021 - международная конференция по образованию;Канада, Ванкувер , Vancouver Convention Centre; с 21 по 25 марта ;International Conference Services Ltd. Canada;https://expomap.ru/conference/apaie-2021/
NFMT 2021 - международная выставка и конференция по вопросам реконструкции и восстановительных работ над нежилыми зданиями;США, Балтимор , Baltimore Convention Center; с 23 по 25 марта ;NFMT (National Facilities Management & Technology);https://expomap.ru/conference/nfmt-2021/
International Investment Conference and Exhibition Desalination Latin America 2021 - международная инвестиционная конференция и выставка;Чили, Сантьяго , InterContinental Santiago; с 24 по 25 марта ;Vostock capital UK;https://expomap.ru/conference/international-investment-conference-and-exhibition-desalination-latin-america-2021/
ACHE Congress on Healthcare Leadership 2021 - конференция Американского колледжа управляющих в сфере здравоохранения;Онлайн, Веб; с 22 по 25 марта ;American College of Healthcare Executives;https://expomap.ru/conference/ache-congress-on-healthcare-leadership-2021/
LOPEC Congress 2021 - конгресс по органической и печатной электронике;Онлайн, Веб; с 23 по 25 марта ;Messe Munchen GmbH;https://expomap.ru/conference/lopec-congress-2021/
Montreal Wood Convention 2021 - международная конференция по транспортной логистике и трудовым ресурсам;Канада, Монреаль , Fairmont The Queen Elizabeth Hotel; с 23 по 25 марта ;Quebec Wood Export Bureau;https://expomap.ru/conference/montreal-wood-convention-2021/
Горнорудная промышленность России: Строительство и Модернизация 2021 - международная конференция и технический визит;Россия, Курск; с 24 по 25 марта ;Vostock Capital;https://expomap.ru/conference/gornorudnaja-promyshlennost-rossii-stroitelstvo-b-modernizatsija-2021/
Управление корпоративными финансами в России 2021 - конференция;Россия, Москва; 25 марта 2021 ;Continent Group;https://expomap.ru/conference/upravlenie-korporativnymi-finansami-v-rossii-2021/
VPROC 2021 - всероссийский форум директоров по закупкам «Автоматизация закупок, управление поставщиками и закупка услуг»;Россия, Москва , Холидей Инн Москва Сущевский; с 24 по 26 марта ;InterForum;https://expomap.ru/conference/vproc-2021/
C&B Russia Summit 2021 - всероссийский саммит по мотивации персонала;Россия, Москва , Hilton Garden Inn Moscow; с 25 по 26 марта ;Auditorium CG;https://expomap.ru/conference/c-b-russia-summit-2021/
BE: Marketing Conference 2021 - конференция по маркетинговым стратегиям, каналам и инструментам новой реальности;Россия, Москва , Интурист; с 25 по 26 марта ;Be2Conference Group;https://expomap.ru/conference/be-marketing-conference-2021/
AgileDays 2021 - конференция по гибкому управлению процессами (оффлайн+онлайн);Россия, Москва; с 25 по 26 марта ;ScrumTrek;https://expomap.ru/conference/agiledays-2021/
Общие центры обслуживания – Саммит руководителей 2021 - конференция;Россия, Москва; с 25 по 26 марта ;CFO-Russia, группа Prosperity Media;https://expomap.ru/conference/obschie-tsentry-obsluzhivanija-sammit-rukovoditelej-2021/
Hillsong Colour Conference Los Angeles 2021 - всемирная женская конференция;США, Лос-Анджелес; с 26 по 27 марта ;Hillsong;https://expomap.ru/conference/hillsong-colour-conference-los-angeles-2021/
ESGE Days 2021 - конференция по эндоскопии;Онлайн, Веб; с 25 по 27 марта ;European Society of Gastrointestinal Endoscopy;https://expomap.ru/conference/esge-days-2021/
MCE North & West Europe 2021 - международный форум для организаторов деловых событий и event-менеджеров;Германия, Дюссельдорф; с 28 по 30 марта ;Europe Congress;https://expomap.ru/conference/mce-north-west-europe-2021/
International Conference on Environmental Toxicology and Chemistry (ICETC) 2021 - международная конференция по экологической токсикологии и химии;Онлайн, Веб; с 29 по 30 марта ;Open Science Research Excellence;https://expomap.ru/conference/international-conference-on-environmental-toxicology-and-chemistry-icetc-2021/
International Conference on Materials Science and Chemistry 2021 - международная конференция и выставка материаловедения и химии;Франция, Париж; с 29 по 30 марта ;Allied Academies;https://expomap.ru/conference/international-conference-and-exhibition-on-materials-chemistry-2021/
Застройщики vs покупатели: в поисках баланса 2021 - бизнес-бранч для девелоперов;Россия, Тюмень , Технопарк; 19 февраля 2021 30 марта 2021 ;Центр конференций «Сегодня»;https://expomap.ru/conference/zastrojschiki-vs-pokupateli-v-poiskah-balansa-2021/
Future Digital Finance 2021 - международный финансовый саммит;США, Майами , Hyatt Regency Miami; с 30 по 31 марта Новые даты не анонсированы;WBR Ltd;https://expomap.ru/conference/future-digital-finance-2021/
Aero-Engines America 2021 - конференция разработчиков и производителей авиадвигателей (оффлайн+онлайн);США, Даллас; с 30 по 31 марта ;InformaMarkets;https://expomap.ru/conference/aero-engines-america-2021/
WCCE 2021 - международная химическая конференция и выставка;Великобритания, Лондон , Park Inn by Radisson Hotel & Conference Centre London Heathrow; с 12 по 14 апреля ;Innovinc International;https://expomap.ru/conference/wcce-2021/
Международный BIM-форум 2021 - форум по диджитализации и BIM-технологиям в строительной отрасли;Россия, Москва , Деловой центр «Амбер Плаза»; с 13 по 14 апреля ;«Ради Дома - Batiactu Groupe»;https://expomap.ru/conference/mezhdunarodnyj-bim-forum-2021/
Цифровое предприятие 2021 - форум;Россия, Москва; с 13 по 14 апреля ;CFO-Russia, группа Prosperity Media;https://expomap.ru/conference/tsifrovoe-predprijatie-2021/
WellFood Ingredients 2021 - международный саммит по пищевым натуральным ингредиентам;Бразилия, Сан-Паулу , Magno Pro space; с 14 по 15 апреля Новые даты не анонсированы;Koelnmesse GmbH;https://expomap.ru/conference/wellfood-ingredients-2021/
Drive World Conference 2021 - конференция по электронике в автомобилестроении;США, Сан-Хосе , San Jose McEnery Convention Center; с 26 по 28 января с 13 по 15 апреля ;Informa Markets;https://expomap.ru/conference/drive-world-conference-2021/
SPIE Defense + Commercial Sensing 2021 - выставка технологий безопасности, обороны и технологий дистанционного сбора данных;США, Анахайм , Gaylord Palms Resort & Convention Center; с 11 по 15 апреля ;SPIE;https://expomap.ru/conference/spie-defense-commercial-sensing-2021/
DesignCon 2021 - международная конференция по проектированию электроники;США, Сан-Хосе; с 13 по 15 апреля ;InformaMarkets;https://expomap.ru/conference/designcon-2021/
Transport Evolution Mozambique Forum & Showcase 2021 - транспортный форум и выставка;Мозамбик, Мапуту; с 13 по 15 апреля ;DMG Events;https://expomap.ru/conference/transport-evolution-mozambique-forum-showcase-2021/
Georgia Gambling Conference 2021 - конференция по игорному бизнесу;Грузия, Тбилиси; 15 апреля 2021 ;Smile Expo;https://expomap.ru/conference/georgia-gambling-conference-2021/
Customer Day B2B 2021 - конференция о клиентском опыте (СХ) в B2B (оффлайн+онлайн);Россия, Москва; с 14 по 15 апреля ;Future Business;https://expomap.ru/conference/customer-day-2021/
Энергетическое и промышленное страхование 2021 - международная конференция;Россия, Санкт-Петербург; с 15 по 16 апреля ;IС Energy;https://expomap.ru/conference/energeticheskoe-i-promyshlennoe-strahovanie-2021/
Евразийская Неделя Бизнеса 2021 - бизнес-форум (оффлайн+онлайн);"Россия, Екатеринбург , отель ""Hyatt Regency"", отель ""Novotel"""; с 15 по 16 апреля ;Z&G.Event;https://expomap.ru/conference/evrazijskaya-nedelya-biznesa-2021/
Как получить +100% к продажам за год. Строим систему: от стратегии до KPI 2021 - бизнес-завтрак;Россия, Москва; 16 апреля 2021 ;Berner&Stafford;https://expomap.ru/conference/kak-poluchit-100-k-prodazham-za-god-stroim-sistemu-ot-strategii-do-kpi-2021/
Retail CFO 2021 - форум финансовых директоров розничного бизнеса;Россия, Москва; с 15 по 16 апреля ;CFO-Russia, группа Prosperity Media;https://expomap.ru/conference/retail-cfo-2021/
IT Day Stuttgart 2021 - специализированный форум специалистов по информатике;Германия, Штутгарт , GENO-Haus Stuttgart; 17 апреля 2021 ;e-fellows.net;https://expomap.ru/conference/it-day-stuttgart-2021/
SQA Days 2021 - международная конференция по обеспечению качества ПО;Россия, Санкт-Петербург , отель Crowne Plaza St.Petersburg Airport; с 16 по 17 апреля ;IT Conf;https://expomap.ru/conference/sqa-days-2021/
International Knee Update 2021 - конференция по артропластике;Швейцария, Давос; с 15 по 17 апреля ;Intercongress;https://expomap.ru/conference/international-knee-update-2021/
International Congress for Joint Reconstruction (ICJR) 2021 - международный конгресс по совместному восстановлению Ближнего Востока;ОАЭ, Дубай , Intercontinental Hotel - Festival City; с 15 по 17 апреля ;MedOrg Seminars Organizing;https://expomap.ru/conference/international-congress-for-joint-reconstruction-icjr-2021/
EFCLIN Congress and Exhibition Berlin 2021 - конгресс производителей и разработчиков контактных линз;Германия, Берлин , Titanic Chaussee Hotel; с 15 по 17 апреля ;EFCLIN Exhibition;https://expomap.ru/conference/efclin-congress-and-exhibition-berlin-2021/
International Rubber Conference (IRC) 2021 - международная конференция производителей резины;Индия, Ченнаи , Chennai Trade Center; с 15 по 17 апреля ;Indian Rubber Institute;https://expomap.ru/conference/international-rubber-conference-irc-2021/
MICE Forum Sochi 2021 - форум представителей event-индустрии;Россия, Сочи; с 15 по 17 апреля ;АНО «Черноморское Конвеншн Бюро»;https://expomap.ru/conference/mice-forum-sochi-2021/
RADLA 2021 - конференция дерматологов;Онлайн, Веб; с 15 по 18 апреля ;Ana Juan Congresos;https://expomap.ru/conference/radla-2020/
Japan Radiological Congress (JRC) 2021 - радиологический конгресс (оффлайн+ онлайн);Япония, Йокогама , PACIFICO Yokohama; с 15 по 18 апреля ;Japan Medical Imaging and Radiological Systems Industries Association;https://expomap.ru/conference/japan-radiological-congress-jrc-2021/
HPCO Conference 2021 - конференция по здравоохранению;Онлайн, Веб; с 18 по 20 апреля ;Hospice Palliative Care Ontario;https://expomap.ru/conference/hpco-conference-2021/
Фармацевтика. Адаптация регионов к мировым изменениям 2021 - конференция (оффлайн+онлайн);Россия, Новосибирск , Domina Novosibirsk Hotel; 20 апреля 2021 ;ИД «Коммерсантъ-Сибирь»;https://expomap.ru/conference/farmatsevtika-adaptatsija-regionov-k-mirovym-izmenenijam-2021/
Eurosime 2021 - международная конференция по тепловому, механическому и мультифизическому моделированию и экспериментам в микроэлектронике и микросистемах;Онлайн, Веб; с 19 по 21 апреля ;Astefo sarl;https://expomap.ru/conference/eurosime-2021/
MedTech Summit 2021 - выставка медицинских технологий;Онлайн, Веб , Messezentrum; с 20 по 22 апреля ;UBM Canon;https://expomap.ru/conference/medtech-summit-2021/
Insure NXT | CGN 2021 - международная конференция страховой индустрии;Онлайн, Веб; с 21 по 22 апреля ;InsurLab Germany, Koelnmesse;https://expomap.ru/conference/insure-nxt-cgn-2021/
OPIС Congress 2021 - международный конгресс по оптике и фотонике (оффлайн+онлайн);Япония, Йокогама; с 19 по 22 апреля ;OPTICS & PHOTONICS INTERNATIONAL Council;https://expomap.ru/conference/opis-congress-2021/
Japan LNG & Gas Summit 2021 - саммит по СПГ;Япония, Токио; с 2 по 3 февраля с 20 по 22 апреля ;dmg events;https://expomap.ru/conference/japan-lng-gas-summit-2021/
Seymartec Milk Production. Экономическая эффективность переработки молока и технологические инновации 2020 - международный форум;Россия, Москва , Отель Ренессанс Москва Монарх Центр; 9 декабря 2020 22 апреля 2021 ;ООО «Сеймартек»;https://expomap.ru/conference/seymartec-milk--production-2020/
Blockchain Life 2021 - международный форум по блокчейну, криптовалюте и майнингу;Россия, Москва , Music Media Dome; с 21 по 22 апреля ;Listing.help;https://expomap.ru/conference/blockchain-life-2021/
SEYMARTEC MILK. Экономическая и технологическая эффективность молочного животноводства и переработки молока 2021 - международный форум;Россия, Москва , отель Ренессанс Москва Монарх Центр; 10 февраля 2021 22 апреля 2021 ;ООО «Сеймартек»;https://expomap.ru/conference/seymartec-milk-econ-tech-efficency-2021/
Налоговое планирование в ритейле 2021 - конференция по налогам;Россия, Москва; 22 апреля 2021 ;CFO-Russia, группа Prosperity Media;https://expomap.ru/conference/nalogovoe-planirovanie-v-ritejle-2021/
Independent Planner Education Conference (IPEC) 2021 - образовательная конференция специалистов индустрии встреч;США, Луисвилл , Omni Louisville Hotel; с 27 по 30 января с 21 по 23 апреля ;Northstar Meetings Group;https://expomap.ru/conference/independent-planner-education-conference-ipec-2021/
Rigas Sporta Sumits / Рижский саммит спорта 2021 - конференция для вдохновения и роста специалистов, энтузиастов спорта и сторонников здорового образа жизни;Латвия, Рига; 23 апреля 2021 ;International Exhibition Company BT 1 Ltd.;https://expomap.ru/conference/rigas-sporta-sumits-rizhskij-sammit-sporta-2021/
Санкт-Петербургский Международный Форум Труда 2021 - форум;"Россия, Санкт-Петербург , КВЦ ""Экспофорум"""; с 22 по 23 апреля ;ЭкспоФорум-Интернэшнл;https://expomap.ru/conference/sankt-peterburgskij-mezhdunarodnyj-forum-truda-2021/
ТЭФ 2021 - татарстанский международный форум по энергоресурсоэффективности и экологии;Россия, Казань , Казанская ярмарка; с 21 по 23 апреля ;"ОАО ""Казанская ярмарка""";https://expomap.ru/conference/tef-2021/
Российский международный энергетический форум (РМЭФ) 2021 - отраслевой конгресс и выставка;Россия, Санкт-Петербург , Экспофорум; с 21 по 23 апреля ;ЭкспоФорум-Интернэшнл;https://expomap.ru/conference/rossijskij-mezhdunarodnyj-energeticheskij-forum-rmef-2021/
Крепеж. Качество и ответственность 2021 - международная конференция (оффлайн+онлайн);Россия, Санкт-Петербург , Экспофорум; с 22 по 23 апреля ;ООО «Рестэк»;https://expomap.ru/conference/krepezh-kachestvo-i-otvetstvennost-2021/
Амбулаторно-поликлиническая помощь в эпицентре женского здоровья от менархе до менопаузы 2021 - всероссийский конгресс с международным участием и специализированной экспозицией;Россия, Москва , ФГБУ «НМИЦ АГП им. В.И. Кулакова» Минздрава России; с 21 по 23 апреля ;Mediexpo;https://expomap.ru/conference/ambulatorno-poliklinicheskaja-pomosch-v-epitsentre-zhenskogo-zdorovja-ot-menarhe-do-menopauzy-2021/
Информационные технологии в бюджетировании 2021 - конференция;Россия, Москва; 23 апреля 2021 ;CFO-Russia, группа Prosperity Media;https://expomap.ru/conference/informatsionnyie-tehnologii-v-byudzhetirovanii-2021/
Hillsong Colour Conference Cape Town 2021 - всемирная женская конференция;Южно-Африканская Республика, Кейптаун; с 21 по 24 апреля ;Hillsong;https://expomap.ru/conference/hillsong-colour-conference-cape-town-2021/
Российские дни сердца 2021 - международный образовательный форум в области кардиологии;Россия, Санкт-Петербург , ФГБУ «НМИЦ им. В.А. Алмазова» Минздрава России; с 22 по 24 апреля ;Российское кардиологическое общество;https://expomap.ru/conference/rossijskie-dni-serdtsa-2021/
Congress of the ESPU 2021 - конгресс детских урологов;Португалия, Лиссабон , Lisbon Congress Center (CCL); с 21 по 24 апреля ;ESPU;https://expomap.ru/conference/congress-of-the-espu-2021/
Новые горизонты в челюстно лицевой хирургии. Киев - Марбург 2021 - международная конференция по челюстно-лицевой хирургии;Украина, Киев , Премьер отель Русь; с 23 по 24 апреля ;Medeuroindex;https://expomap.ru/conference/new-horizons-in-maxillofacial-surgery-kyiv-marburg-2021/
Боткинские чтения 2021 - всероссийский терапевтический конгресс с международным участием;Россия, Санкт-Петербург; с 23 по 24 апреля ;Общественная организация «Человек и его здоровье»;https://expomap.ru/conference/botkinskie-chtenija-2021/
EHRA Europace-Cardiostim 2021 - европейская конференция по сердечным аритмиям;Онлайн, Веб; с 28 по 30 марта с 23 по 25 апреля ;European Heart Rhythm Association (EHRA);https://expomap.ru/conference/ehra-europace-cardiostim-2021/
Toronto Naturopathic Conference 2021 - образовательная конференция для врачей-натуропатов;Онлайн, Веб; с 24 по 25 апреля ;Collaborative Education;https://expomap.ru/conference/toronto-naturopathic-conference-2021/
Политика и культура 2021 - международная научно-практическая конференция;Венгрия, Будапешт; с 24 по 26 апреля ;Венгеро-российский культурно-просветительский фонд «Dialogоrum»;https://expomap.ru/conference/politika-i-kultura-2021/
IPQuorum 2021. Tech for Content - форум по развитию креативных индустрий и мира интеллектуальной собственности;Россия, Москва , Инновационный центр «Сколково», ТЕХНОПАРК Большой бульвар, 42; с 26 по 27 апреля ;IPQuorum;https://expomap.ru/conference/ipquorum-2021-tech-for-content/
CEVC 2021 - ветеринарный конгресс;Чехия, Брно , Brno Exhibition Centre; с 27 по 28 апреля Новые даты не анонсированы;BVV Trade Fairs Brno;https://expomap.ru/conference/cevc-2021/
Фармапак 2021 - международный фармацевтический конгресс и выставка;"Россия, Москва , ЦВК ""Экспоцентр"""; с 26 по 28 апреля ;АО «Промис»;https://expomap.ru/conference/farmapak-2021/
British Society for Rheumatology Conference 2021 - конференция по ревматологии;Онлайн, Веб; с 26 по 28 апреля ;British Society for Rheumatology;https://expomap.ru/conference/british-society-for-rheumatology-conference-2021/
MRO Latin America 2021 - конференция по техобслуживанию в коммерческой авиации;США, Орландо; с 27 по 28 апреля ;InformaMarkets;https://expomap.ru/conference/mro-latin-america-2021/
Battery Experts Forum 2021 - конференция по аккумуляторам и технологиям зарядки;Германия, Франкфурт , Forum Messe Frankfurt; с 27 по 29 апреля ;Batteryuniversity GmbH;https://expomap.ru/conference/battery-experts-forum-2021/
Neuromarketing Kongress 2021 - конференция по нейромаркетингу;Германия, Мюнхен , Auditorium der BMW Welt; 29 апреля 2021 ;die Haufe Group und die Gruppe Nymphenburg;https://expomap.ru/conference/neuromarketing-kongress-2021/
International Powder & Bulk Solids 2021 - конференция и выставка производителей порошков и сыпучих материалов;США, Роузмонт , Donald E. Stephens Convention Center; с 27 по 29 апреля ;InformaMarkets;https://expomap.ru/conference/international-powder-bulk-solids-2021/
Заболевание ВНЧС в каждодневной практике врача 2021 - стоматологическая конференция;Россия, Воронеж , Стоматологическая поликлиника (Проспект революции 14, 3 этаж); 29 апреля 2021 ;Учебный центр АртДенталь;https://expomap.ru/conference/zabolevanie-vnchs-v-kazhdodnevnoj-praktike-vracha-2021/
Международное налоговое планирование 2021 - конференция;Россия, Москва; 29 апреля 2021 ;CFO-Russia, группа Prosperity Media;https://expomap.ru/conference/mezhdunarodnoe-nalogovoe-planirovanie-2021/
EuroSpine Spring 2021 - конференция ортопедов и невропатологов;Германия, Франкфурт , Radisson Blu Hotel Frankfurt; с 29 по 30 апреля ;EUROSPINE;https://expomap.ru/conference/eurospine-spring-2021/
Smartgreens 2021 - конференция по зеленым технологиям;Онлайн, Веб; с 28 по 30 апреля ;INSTICC;https://expomap.ru/conference/smartgreens-2021/
Closer 2021 - международная конференция по облачным технологиям и услугам;Онлайн, Веб; с 28 по 30 апреля ;INSTICC;https://expomap.ru/conference/closer-2021/
VCOS Symposium in the Spring Minneapolis 2021 - конференция по пожарной безопасности;США, Миннеаполис; с 6 по 8 мая ;International Ass. of Fire Chiefs;https://expomap.ru/conference/vcos-symposium-in-the-spring-minneapolis-2021/
Medicines for Europe and IGBA Conference 2021 - конференция «Лекарственные средства для Европы»;Греция, Афины , Divani Apollon Hotel; 8 июня 2021 ;Medicines For Europe;https://expomap.ru/conference/medicines-for-europe-and-igba-conference-2021/
Hebammenkongress 2021 - конгресс немецкой ассоциации акушерок;Онлайн, Веб; с 10 по 12 мая ;Deutschen Hebammenverband e.V.;https://expomap.ru/conference/hebammenkongress-2021/
Routes Europe 2021 - конференция по разработке авиационных маршрутов;Норвегия, Берген; с 10 по 12 мая ;Routes;https://expomap.ru/conference/routes-europe-2021/
ICCX Western Europe 2021 - международная конференция и выставка по бетону;Германия, Бонн; с 11 по 12 мая ;Ad media GmbH Germany;https://expomap.ru/conference/iccx-western-europe-2021/
Digital Marketing Solutions Summit 2021 - саммит цифровых маркетинговых решений (оффлайн+онлайн);Великобритания, Лондон , Hilton London Canary Wharf; 13 мая 2021 ;Forum Events Ltd;https://expomap.ru/conference/digital-marketing-solutions-summit-2021/
Patient Safety 2021 - международная медицинская конференция и выставка;США, Сан-Диего; с 11 по 13 мая ;Informa Connect UAE;https://expomap.ru/conference/patient-safety-2021/
American Geriatrics Society (AGS) Meeting 2021 - ежегодное научное собрание американского гериатрического общества;Онлайн, Веб; с 13 по 15 мая ;American Geriatrics Society All Rights Reserved;https://expomap.ru/conference/american-geriatrics-society-ags-meeting-2021/
Brazilian Congress of Cataract and Refractive Surgery 2021 - бразильский конгресс по катаракте и рефракционной хирургии;Бразилия, Салвадор; с 12 по 15 мая ;Alvo Eventos Ltda;https://expomap.ru/conference/brazilian-congress-of-cataract-and-refractive-surgery-2021/
ACC 2021 - ежегодная научная сессия Американского колледжа кардиологии;США, Атланта; с 20 по 22 марта с 15 по 17 мая ;American College of Cardiology;https://expomap.ru/conference/acc-2021/
WealthPro Russia Moscow 2021 - международная B2C конференция и выставка;Россия, Москва , Moscow Marriott Grand; с 17 по 18 мая ;Bosco Conference;https://expomap.ru/conference/wealthpro-russia-moscow-2021/
Эффективное управление финансами в холдингах 2021 - конференция;Россия, Москва; 18 мая 2021 ;CFO-Russia, группа Prosperity Media;https://expomap.ru/conference/effektivnoe-upravlenie-finansami-v-holdingah-2021/
SMX London 2021 - конференция по поисковому маркетингу и технологиям поиска;Великобритания, Лондон; с 18 по 19 мая ;Search Engine Land  &  Marketing Land;https://expomap.ru/conference/smx-london-2021/
Актуальные вопросы высокотехнологичной помощи в терапии 2021 - научно-практическая конференция;Россия, Санкт-Петербург , Отель «Санкт-Петербург»; с 20 по 21 мая ;SmartPharm;https://expomap.ru/conference/aktualnyie-voprosyi-vyisokotehnologichnoj-pomoschi-v-terapii-2021/
Analyst Days 2021 - международная конференция по системному и бизнес-анализу;Россия, Санкт-Петербург , Crowne Plaza St.Petersburg Airport; с 21 по 22 мая ;IT Conf;https://expomap.ru/conference/analyst-days-2021/
Петербургский международный юридический форум 2021 - форум;Россия, Санкт-Петербург; с 18 по 22 мая ;Министерсто Юстиции РФ, Государственный Эрмитаж, Фонд «Петербургский международный юридический форум»;https://expomap.ru/conference/peterburgskij-mezhdunarodnyj-juridicheskij-forum-2021/
Ранние сроки беременности: от прегравидарной подготовки к здоровой гестации. Проблемы ВРТ 2021 - общероссийский конгресс с международным участием (оффлайн+онлайн);Россия, Москва; с 20 по 22 мая ;StatusPraesens;https://expomap.ru/conference/rannie-sroki-beremennosti-2021/
Australian Pharmacy Professional Conference & Expo 2021 - аптечная конференция и выставка;Австралия, Голд-Кост , Gold Coast Convention and Exhibition Centre; с 20 по 23 мая ;The Pharmacy Guild of Australia;https://expomap.ru/conference/australian-pharmacy-professional-conference-expo-2021/
Showlight 2021 - международная конференция и выставка по светотехнике;Франция, Фонтенбло , Theatre Municipal de Fontainebleau; с 22 по 25 мая ;Showlight c/o PLASA;https://expomap.ru/conference/showlight-2021/
International Conference on Computer Supported Education (CSEDU) 2021 - международная конференция по информационным технологиям в образовании;Онлайн, Веб; с 23 по 25 мая ;INSTICC;https://expomap.ru/conference/international-conference-on-computer-supported-education-csedu-2021/
Asian Downstream Summit 2021 - саммит нефтегазовой отрасли;Сингапур, Сингапур; с 24 по 25 мая ;Clarion Events Pte. Ltd.;https://expomap.ru/conference/asian-downstream-summit-2021/
Экология 2021 - международный форум и выставка;Россия, Москва , Центр международной торговли; с 24 по 25 мая ;"АНО ""Общественный форум ""Экология""";https://expomap.ru/conference/ekologiya-2021/
CISOLAR 2021 - международная конференция и выставка солнечной энергетики Центральной и Восточной Европы;Украина, Киев , Fairmont Grand Hotel Kyiv; 25 мая 2021 ;IBCentre;https://expomap.ru/conference/cisolar-2021/
Управление дебиторской задолженностью 2021 - конференция;Россия, Москва; 25 мая 2021 ;CFO-Russia, группа Prosperity Media;https://expomap.ru/conference/upravlenie-debitorskoj-zadolzhennostju-2021/
Здоровые дети – будущее страны 2021 - национальный конгресс с международным участием;Россия, Санкт-Петербург , Педиатрический университет; с 26 по 28 мая ;ФГБОУ ВО СПбГПМУ Минздрава РФ;https://expomap.ru/conference/zdorovye-deti-buduschee-strany-2021/
IPTF 2021 - международный полимерно-технологический форум;"Россия, Санкт-Петербург , Отель ""Азимут"""; с 25 по 28 мая ;Журнал ПЛАСТИКС, Журнал ЭКСТРУЗИЯ;https://expomap.ru/conference/iptf-2021/
Повышение эффективности корпоративных бизнес-процессов. Фокус на операционную эффективность 2021 - конференция;Россия, Москва; с 27 по 28 мая ;CFO-Russia, группа Prosperity Media;https://expomap.ru/conference/povyishenie-effektivnosti-korporativnyih-biznes-protsessov-2021/
Форум имени Вильгельма Столля 2021 - предпринимательский форум и премия;Россия, Воронеж , Центральный парк; 28 мая 2021 ;ГС «Лидер»;https://expomap.ru/conference/forum-stollja-2021/
Компрессорные технологии 2021 - международная промышленная конференция;Россия, Санкт-Петербург; с 26 по 28 мая ;"Кафедра ""Компрессорная, вакуумная и холодильная техника""";https://expomap.ru/conference/kompressornye-tehnologii-2021/
Canadian Conference on Physician Leadership 2021 - конференция по изучению лидерства;Онлайн, Веб; с 26 по 29 мая ;Canadian Society of Physician Leaders;https://expomap.ru/conference/canadian-conference-on-physician-leadership-2021/
women&work 2021 - конгресс молодых женщин-руководителей;Германия, Франкфурт , FORUM Messe Frankfurt; 29 мая 2021 ;AGENTUR ohne NAMEN GmbH;https://expomap.ru/conference/womenwork-2021/
European Academy of Esthetic Dentistry Meeting 2021 - международный конгресс европейской академии эстетической стоматологии;Австрия, Зальцбург , Sheraton Fuschlsee-Salzburg Jagdhof; с 27 по 29 мая ;Mondial Congress & Events,Mondial GmbH & Co KG;https://expomap.ru/conference/european-academy-of-esthetic-dentistry-meeting-2021/
РОСИВЕНТТУР 2021 - национальная конференция и выставка туристической и событийной индустрий;Россия, Алушта , конгресс-отель Riviera Sunrise Resort & SPA; с 27 по 29 мая Новые даты не анонсированы;Международный бизнес-форум SIMBF;https://expomap.ru/conference/rosiventtur-2021/
Спорт. Рыбалка. Охота (СПОРОХ) 2021 - национальная конференция и выставка активного отдыха и спорта;Россия, Алушта , конгресс-отель Riviera Sunrise Resort & SPA; с 27 по 29 мая ;Международный бизнес-форум SIMBF;https://expomap.ru/conference/sport-rybalka-ohota-sporoh-2021/
Действуй! 2021 - общественный форум;Россия, Воронеж , Центральный парк; 29 мая 2021 ;Общественная палата Воронежской области;https://expomap.ru/conference/dejstvuj-2021/
Conference Annual AMMI Canada (CACMID) 2021 - ежегодная конференция по клинической микробиологии и инфекционным заболеваниям;Онлайн, Веб; с 25 апреля по 30 мая ;Association of Medical Microbiology and Infectious Disease Canada;https://expomap.ru/conference/conference-annual-ammi-canada-cacmid-2021/
Annual Australasian Skin Cancer Congress 2021 - международный конгресс по лечению рака кожи;Австралия, Голд-Кост , The Star Gold Coast; с 28 по 30 мая ;Skin Cancer College;https://expomap.ru/conference/annual-australasian-skin-cancer-congress-2021/
VidMK 2021 - форум по видеопроизводству и видеомаркетингу (оффлайн+онлайн);Россия, Москва , Конгресс-центр  «Вега Измайлово»; с 29 по 30 мая ;LV production;https://expomap.ru/conference/vidmk-2021/
EUROGIN 2021 - международный медицинский конгресс (оффлайн+онлайн);Германия, Дюссельдорф; с 30 мая по 1 июня ;InformaMarkets;https://expomap.ru/conference/eurogin-2021/
MCE Central & Eastern Europe 2021 - международный форум для организаторов деловых событий и event-менеджеров;Венгрия, Будапешт; с 30 мая по 1 июня ;Europe Congress;https://expomap.ru/conference/mce-central-eastern-europe-2021/
NOIA Conference 2021 - конференция канадской нефтегазовой ассоциации;Канада, Сент-Джонс , St. John’s Convention Centre; с 31 мая по 2 июня ;dmg events;https://expomap.ru/conference/noia-conference-2021/
Seamless North Africa 2021 - международная финансовая конференция;Египет, Каир , Egypt International Exhibition Center; с 3 по 4 февраля с 1 по 2 июня ;Terrapinn Holdings Ltd.;https://expomap.ru/conference/seamless-north-africa-2021/
ATM Security 2021 - конференция и выставка по безопасности банкоматов;Турция, Стамбул , Radisson Blu Hotel; с 1 по 2 июня ;ATMINSEC Turkey;https://expomap.ru/conference/atm-security-2021/
World Potato Congress (WPC) Dublin 2022 - всемирный картофельный конгресс;Ирландия, Дублин , Convention Centre Dublin; с 30 мая по 2 июня ;World Potato Congress Inc.;https://expomap.ru/conference/world-potato-congress-wpc-dublin-2022/
Lean Start Forum 2021 - конференция;Россия, Москва , Кампус Сколково; с 1 по 2 июня ;Центр Инновационного Обучения и Развития;https://expomap.ru/conference/lean-start-forum-2021/
World Potato Congress (WPC) Dublin 2021 - всемирный картофельный конгресс;Ирландия, Дублин , Convention Centre Dublin; с 31 мая по 3 июня ;World Potato Congress Inc.;https://expomap.ru/conference/world-potato-congress-wpc-dublin-2021/
Caspian Oil & Gas Conference 2021 - mеждународная конференция «Нефть и Газ Каспия»;Азербайджан, Баку , Boulevard Hotel Baku; с 2 по 3 июня ;Caspian Event Organisers;https://expomap.ru/conference/caspian-oil-gas-conference-2021/
Сады России 2021 - международный инвестиционный форум и выставка;Россия, Москва; с 2 по 3 июня ;Vostock Capital;https://expomap.ru/conference/sady-rossii-2021/
Global Connected Aircraft Summit 2021 - всемирный авиационный саммит;США, Денвер , Hilton Denver City Center; с 2 по 3 июня ;Access Intelligence, LLC.;https://expomap.ru/conference/global-connected-aircraft-summit-2021/
European Association of Geoscientists and Engineers (EAGE) Conference & Exhibition 2021 - международная геолого-геофизическая конференция;Испания, Мадрид , IFEMA Feria de Madrid; с 31 мая по 3 июня ;European Association of Geoscientists and Engineers(EAGE) Netherlands;https://expomap.ru/conference/european-association-of-geoscientists-and-engineers-eage-conference-exhibition-2021/
International Society for the Study of the Lumbar Spine Meeting 2021 - международная конференция по изучению поясничного отдела позвоночника;Италия, Милан; с 31 мая по 4 июня ;Institute of Clinical Sciences Sahlgrenska Academy;https://expomap.ru/conference/international-society-for-the-study-of-the-lumbar-spine-meeting-2021/
International Summer Conference on Computer and Information Science (ICIS) Summer 2021 - международная летняя конференция по информатике и вычислительной технике;Китай, Шанхай , Pine City Hotel; с 2 по 4 июня ;International Association for Computer and Information Science (ACIS);https://expomap.ru/conference/international-summer-conference-on-computer-and-information-science-icis-summer-2021/
International Conference of Artificial Intelligence (IAI) 2021 - международная конференция по искусственному интеллекту;Китай, Шанхай , Pine City Hotel; с 2 по 4 июня ;International Association for Computer and Information Science (ACIS);https://expomap.ru/conference/international-conference-of-artificial-intelligence-iai-2021/
HI Design Europe 2021 - европейский форум индустрии гостеприимства;Испания, Мадрид; с 2 по 4 июня ;DMG Events;https://expomap.ru/conference/hi-design-europe-2021/
Routes Asia 2021 - международный форум по развитию транспортных маршрутов в Азии;Таиланд, Чиангмай; с 2 по 4 июня ;InformaMarkets;https://expomap.ru/conference/routes-asia-2021/
Неделя Ритейла 2021 - международный форум бизнеса и власти;Россия, Москва , Центр Международной торговли; с 31 мая по 4 июня ;Министерство промышленности и торговли РФ, Российская Ассоциация Экспертов Рынка Ритейла;https://expomap.ru/conference/nedelja-ritejla-2021/
Building Green Build For Biodiversity Conference  2021 - конференция по биоразнообразию в архитектуре и строительстве;Дания, Копенгаген; с 3 по 4 июня ;Insight Events ApS;https://expomap.ru/conference/building-green-build-for-biodiversity-conference-2021/
ПроКрахмал: тенденции рынка глубокой переработки зерна 2021 - международная конференция (оффлайн+онлайн);Россия, Москва , отель Courtyard by Marriott Moscow Paveletskaya; 4 июня 2021 ;Ассоциация «Роскрахмалпатока»;https://expomap.ru/conference/prokrahmal-tendentsii-rynka-glubokoj-pererabotki-zerna-2021/
Beinopen 2021 - форум новой модной индустрии;Россия, Москва , Дизайн-завод Флакон; 4 июня 2021 ;Beinopen;https://expomap.ru/conference/beinopen-2021/
Корпоративные системы риск-менеджмента 2021 - конференция;Россия, Москва; с 3 по 4 июня ;CFO-Russia, группа Prosperity Media;https://expomap.ru/conference/korporativnye-sistemy-risk-menedzhmenta-2021/
Современные психотехнологии в управлении, политике, бизнесе, образовании 2021 - международная научно-практическая конференция;Россия, Одинцово , МГИМО МИД России; с 3 по 4 июня ;Факультет управления и политики Кафедра общей и социальной психологии МГИМО МИД России (Одинцовский филиал);https://expomap.ru/conference/sovremennye-psihotehnologii-v-upravlenii-politike-biznese-obrazovanii-2021/
Корпоративная система безопасности бизнеса 2021 - кейс-форум;Россия, Москва , Отель Mercury Павелецкая; с 3 по 4 июня ;Business Summit of Future;https://expomap.ru/conference/korporativnaja-sistema-bezopasnosti-biznesa-2021/
International Conference on Big Data, Cloud Computing, and Data Science Engineering (BCD) 2021 - международная конференция по большим данным, облачным вычислениям и наукам о данных;Макао, Макао , City University of Macau; с 7 по 9 июня ;International Association for Computer and Information Science (ACIS);https://expomap.ru/conference/international-conference-on-big-data-cloud-computing-and-data-science-engineering-bcd-2021/
Commercial Aviation Suppliers Conference 2021 - конференция поставщиков для коммерческой авиации;США, Беверли-Хиллз; с 2 по 4 марта с 7 по 9 июня ;InformaMarkets;https://expomap.ru/conference/commercial-aviation-suppliers-conference-2021/
Техника и технологии для портов: эффективные инвестиции 2021;Россия, Москва , Аналитический центр при Правительстве РФ; 9 июня 2021 ;Журнал «Морские порты»;https://expomap.ru/conference/tehnika-i-tehnologii-dlja-portov-effektivnye-investitsii-2021/
Портоориентированная Логистика 2021 - конференция;Россия, Москва , Аналитический центр при Правительстве РФ; 9 июня 2021 ;Журнал «Морские порты»;https://expomap.ru/conference/portoorientirovannaja-logistika-2021/
Инфраструктура портов: новое строительство, модернизация, эксплуатация 2021 - форум;Россия, Москва , Аналитический центр при Правительстве РФ; с 8 по 9 июня ;Журнал «Морские порты»;https://expomap.ru/conference/infrastruktura-portov-novoe-stroitelstvo-modernizatsija-ekspluatatsija-2021/
Развитие системы корпоративного обучения и управление знаниями в корпорации 2021 - конференция;Россия, Москва; с 8 по 9 июня ;CFO-Russia, группа Prosperity Media;https://expomap.ru/conference/razvitie-sistemy-korporativnogo-obuchenija-i-upravlenie-znanijami-v-korporatsii-2021/
Cisco Live! US 2021 - иТ-конференция;США, Лас-Вегас; с 6 по 10 июня ;CISCO;https://expomap.ru/conference/cisco-live-us-2021/
Critical Communications World 2021 - конференция по телекоммуникациям и корпоративным сетям;Испания, Мадрид , IFEMA; с 8 по 10 июня ;Mark Allen Group;https://expomap.ru/conference/critical-communications-world-2021/
Learning Technologies (L&D conference) 2021 - конференция и выставка профессиональной подготовки;Великобритания, Лондон , ExCeL London; с 10 по 11 февраля с 9 по 10 июня ;Closerstill Media;https://expomap.ru/conference/learning-technologies-ld-conference-2021/
OFC 2021 - конференция и выставка оптоволоконных технологий;США, Сан-Франциско , Moscone Center; с 28 марта по 1 апреля с 6 по 10 июня ;OSA;https://expomap.ru/conference/ofc-2021/
Papua New Guinea Energy Summit 2021 - энергетический саммит;Папуа-Новая Гвинея, Порт-Морсби; с 8 по 10 июня ;dmg events;https://expomap.ru/conference/papua-new-guinea-energy-summit-2021/
День технолога 3.0 - онлайн-форум производителей лакокрасочных материалов и сухих строительных смесей;Онлайн, Веб; с 8 по 10 июня ;Aforum;https://expomap.ru/expo-b/click/6593//
Перспективы развития Большого порта Санкт-Петербург 2021 - международная конференция;Россия, Санкт-Петербург , Конгресс-центр «Ленполиграфмаш»; с 9 по 10 июня ;"Журнал ""Вести морского Петербурга"" (ООО ""Морской Петербург"")";https://expomap.ru/conference/perspektivy-razvitija-bolshogo-porta-sankt-peterburg-2021/
Налоговый мониторинг 2021 - конференция;Россия, Москва; 10 июня 2021 ;CFO-Russia, группа Prosperity Media;https://expomap.ru/conference/nalogovyj-monitoring-2021/
Energie-Tage St.Gallen Summer 2021 - конгресс по энергетике;Швейцария, Санкт-Галлен , Olma Messen St.Gallen; 11 июня 2021 ;Genossenschaft Olma Messen St.Gallen;https://expomap.ru/conference/energie-tage-stgallen-summer-2021/
Asian And Oceanian Myology Center Meeting (AOMC) 2021 - симпозиум неврологов;Южная Корея, Пусан; с 10 по 12 июня ;FTC Events;https://expomap.ru/conference/asian-and-oceanian-myology-center-meeting-aomc-2021/
funds excellence 2021 - конференция по финансам и инвестициям;Германия, Франкфурт , Kap Europa; 15 июня 2021 ;funds excellence GmbH;https://expomap.ru/conference/funds-excellence-2021/
Zukunftskongress Staat & Verwaltung 2021 - конференция по административной модернизации и электронному правительству;Германия, Берлин; с 14 по 16 июня ;Wegweiser Media & Conferences GmbH;https://expomap.ru/conference/zukunftskongress-staat-verwaltung-2021/
American Worlds Water Association Annual Conference & Exposition 2021 - международная выставка и конференция по вопросам сохранения чистой питьевой воды;США, Сан-Диего; с 13 по 16 июня ;American Water Works Association USA;https://expomap.ru/conference/american-worlds-water-association-annual-conference-exposition-2021/
Catalysis for Renewable Sources: Fuel, Energy, Chemicals (CRS) 2021 - конференция по каталитической химии;Португалия, Лиссабон , Conference Centre of the Riviera Hotel Carcavelos; с 14 по 16 июня ;Институт катализа СО РАН;https://expomap.ru/conference/catalysis-for-renewable-sources-fuel-energy-chemicals-crs-2021/
Kyiv iGaming Affiliate Conference 2021 - конференция  легализации игорной деятельности;"Украина, Киев , Конференц-холл ""Оазис"""; 16 июня 2021 ;Smile-Expo;https://expomap.ru/conference/kyiv-igaming-affiliate-2021/
Общие центры обслуживания: организация и развитие 2021 - конференция;Россия, Санкт-Петербург; с 16 по 18 июня ;CFO-Russia, группа Prosperity Media;https://expomap.ru/conference/obschie-tsentryi-obsluzhivaniya-organizatsiya-i-razvitie-2021/
ISSN Annual Conference and Expo 2021 - конференция по спортивному питанию;США, Сент-Питерсберг , Hilton St. Petersburg Bayfront; с 17 по 19 июня ;International Society Of Sports Nutrition, ISSN USA;https://expomap.ru/conference/issn-annual-conference-and-expo-2021/
Face and Body Surgery Congress 2021 - международная конференция по эстетической и реконструктивной хирургии;Великобритания, Лондон , The Royal Society of Medicine; с 18 по 19 июня ;MA Exhibitions Ltd;https://expomap.ru/conference/face-and-body-surgery-congress-2021/
Контроль и проверки бизнеса налоговыми органами. Методы правовой защиты 2021 - бизнес-семинар;Россия, Ростов-на-Дону , ул. Лермонтовская, 104; с 18 по 19 июня ;Профессиональные образовательные технологии;https://expomap.ru/conference/kontrol-i-proverki-biznesa-nalogovymi-organami-metody-pravovoj-zaschity-2021/
MICE Нетворкинг Форум РСВЯ. Лето 2021 - форум и общее собрание членов РСВЯ;Россия, Уфа , ВДНХ-ЭКСПО; с 17 по 19 июня ;РСВЯ;https://expomap.ru/conference/mice-netvorking-forum-rsvja-leto-2021/
Trans-Atlantic Plastic Surgery Summit 2021 - саммит трансатлантических пластических хирургов;Исландия, Рейкьявик , HARPA Concert Hall and Conference Centre; с 18 по 20 июня ;CP Reykjavik;https://expomap.ru/conference/trans-atlantic-plastic-surgery-summit-2021/
Мультидисциплинарная эстетическая медицина 2021 - международный конгресс (оффлайн+онлайн);Россия, Санкт-Петербург , Отель «Санкт-Петербург»; с 17 по 20 июня ;"""Человек и его здоровье""";https://expomap.ru/conference/multidistsiplinarnaja-esteticheskaja-meditsina-2021/
3D CONF - Три Дня До Дедлайна 2021 - rонференция digital-агентств и студий (оффлайн+онлайн);Россия, Санкт-Петербург , Holiday Inn St. Petersburg / Moskovskye Vorota; с 19 по 20 июня ;Event-маркетинг от А до Я;https://expomap.ru/conference/3d-conf-tri-dnja-do-dedlajna-2021/
IATEFL 2020 - международная образовательная конференция и выставка;Великобритания, Харрогейт; с 16 по 19 марта с 19 по 22 июня ;IATEFL UK;https://expomap.ru/conference/iatefl-2020/
International Conference on Applied Computing & Information Technology (ACIT) 2021 - международная конференция по прикладным вычислениям и информационным технологиям;Япония, Канандзава , Kanazawa New Grand Hotel; с 20 по 22 июня ;International Association for Computer and Information Science (ACIS);https://expomap.ru/conference/international-conference-on-applied-computing-information-technology-acit-2021/
M-Enabling Summit 2021 - глобальная встреча по доступности мобильных технологий для пожилых и людей с ограниченными возможностями;США, Вашингтон; с 21 по 23 июня ;E.J. Krause & Associates, Inc.;https://expomap.ru/conference/m-enabling-summit-2021/
SHRM 2021 - конференция и выставка;США, Лас-Вегас , McСormick Place; с 20 по 23 июня ;SHRM;https://expomap.ru/conference/shrm-2021/
World of Photonics Congress 2021 - всемирный конгресс по фотонике;Германия, Мюнхен , messe-muenchen; с 20 по 24 июня ;Messe Munchen GmbH;https://expomap.ru/conference/world-of-photonics-congress-2021/
Canadian Bioeconomy 2021 - международная конференция и выставка по биоэнергетике;Канада, Принс-Джордж; с 23 по 24 июня ;Canadian Biomass Canada;https://expomap.ru/conference/canadian-bioeconomy-2021/
World Hydrogen Technologies Convention (WHTS) 2021 - всемирная конвенция по водородным технологиям;Канада, Монреаль; с 20 по 24 июня ;Peter Sauber Agentur Messen und Kongresse GmbH;https://expomap.ru/conference/world-hydrogen-technologies-convention-whts-2021/
Международное налоговое планирование. Июнь 2021 - конференция;Россия, Москва; 24 июня 2021 ;CFO-Russia, группа Prosperity Media;https://expomap.ru/conference/mezhdunarodnoe-nalogovoe-planirovanie-june-2021/
Apple Tech Business Week 2021 - деловая IT-конференция;Россия, Санкт-Петербург , Resonance Space; с 22 по 24 июня ;NBCom Group;https://expomap.ru/conference/apple-tech-business-week-2021/
Mind the Product Hamburg 2021 - конференция по продакт-менеджменту;Германия, Гамбург; с 23 по 25 июня ;Mind the Product Ltd.;https://expomap.ru/conference/mind-the-product-hamburg-2021/
NFPA 2021 - всемирная конференция и выставка национальной ассоциации противопожарной защиты;США, Лас-Вегас , Mandalay Bay Convention Center; с 22 по 25 июня ;ROC Exhibitions, Inc.;https://expomap.ru/conference/nfpa-2021/
Global Forum on Nursing and Healthcare 2021 - конференция по сестринскому делу;Германия, Берлин; с 24 по 25 июня ;Conference Series LLC (Europe & Middle East) UK;https://expomap.ru/conference/global-forum-on-nursing-and-healthcare-2021/
Seymartec Mining. Эффективность горнодобывающей промышленности 2021 - международный форум;Россия, Нижний Тагил , Отель «Демидов Плаза»; с 23 по 25 июня ;Сеймартек;https://expomap.ru/conference/seymartec-miningmetal-gorno-metallurgicheskij-forum-2021/
Client Service Forum 2021 - всероссийский форум по клиентскому сервису;Россия, Москва , Холидей Инн Москва Сущевский; с 23 по 25 июня ;Interforum;https://expomap.ru/conference/client-service-forum-2021/
SmartTransport 2021 - петербургский инновационный форум пассажирского транспорта;Россия, Санкт-Петербург , ЭкспоФорум; с 23 по 25 июня ;ЭкспоФорум-Интернэшнл;https://expomap.ru/conference/smarttransport-2021/
Тепличная отрасль 2021 - сельскохозяйственный форум;Россия, Краснодар , Four Points by Sheraton; 25 июня 2021 ;Журнал Агробизнес;https://expomap.ru/conference/teplichnaja-otrasl-2021/
InfoSpace 2021 - форум инновационных технологий;Россия, Москва , Центр цифрового лидерства; 25 июня 2021 ;АНО Центр поддержки и развития бизнеса «Инициатива»;https://expomap.ru/conference/infospace-2021/
Евразийский Ортопедический Форум 2021 - международный форум по ортопедии, травматологии и экономики здравоохранения (оффлайн+онлайн);"Россия, Москва , Технопарк ""Сколково"""; с 25 по 26 июня ;Евразийский Ортопедический Форум;https://expomap.ru/conference/evrazijskij-ortopedicheskij-forum-2021/
Белая конфа 2021 - конференция по проблемам онлайн-образования (оффлайн+онлайн);Россия, Санкт-Петербург , Holiday Inn St. Petersburg Moskovskye Vorota; с 26 по 28 июня ;Event-маркетинг от А до Я;https://expomap.ru/conference/belaja-konfa-2021/
Retail Shopfitting & Display Summit 2021 - саммит по розничной торговле (оффлайн+онлайн);Великобритания, Лондон , Radisson Red London Heathrow; с 8 по 9 марта с 28 по 29 июня ;Forum Events Limited;https://expomap.ru/conference/retail-shopfitting-display-summit-2021/
Facilities Management (FM) Forum Hybrid 2021 - форум по управлению и эксплуатации объектов недвижимости (оффлайн+онлайн);Великобритания, Лондон; с 28 по 29 июня ;Forum Events Limited;https://expomap.ru/conference/facilities-management-fm-forum-hybrid-2021/
ISS World Middle East 2021 - международная конференция и выставка систем и технологий сбора данных, разведки и криминалистики;ОАЭ, Дубай , JW Mariott; с 1 по 3 марта с 28 по 30 июня ;TeleStrategies;https://expomap.ru/conference/iss-world-middle-east-2021/
Мать и Дитя 2021 - региональный научно-образовательный форум и пленум правления РОАГ (оффлайн+онлайн);Россия, Москва , ФГБУ «НМИЦ АГП им. В.И. Кулакова» Минздрава России; с 28 по 30 июня ;Министерство здравоохранения РФ, НМИЦ АГП им. В.И. Кулакова, Mediexpo;https://expomap.ru/conference/mat-i-ditja-2021/
ISC Frankfurt 2021 - международная конференция по суперкомпьютерам;Германия, Франкфурт , Messe Frankfurt; с 27 июня по 1 июля ;ISC Group;https://expomap.ru/conference/isc-frankfurt-2021/
Servparc 2021 - конференция по управлению, промышленным услугам и IT-решениям;Германия, Франкфурт; с 30 июня по 1 июля ;Mesago Messe Frankfurt GmbH;https://expomap.ru/conference/servparc-2021/
Intenational Symposium on Mineral Nutrition of Fruits Crops 2021 - международный симпозиум здорового питания;Израиль, Иерусалим , Yearim Hotel; с 27 июня по 1 июля ;ORTRA Ltd.;https://expomap.ru/conference/intenational-symposium-on-mineral-nutrition-of-fruits-crops-2021/
International Society of Heart Research Meeting (ISHR) EU 2021 - собрание международного общества исследования болезней сердца;Италия, Турин; с 29 июня по 2 июля ;International Society of Heart Research;https://expomap.ru/conference/international-society-of-heart-research-meeting-ishr-eu-2021/
Project Management Forum 2021 - всероссийский форум по проектному управлению;Россия, Москва , Холидей Инн Москва Сущевский; с 1 по 2 июля ;Interforum;https://expomap.ru/conference/project-management-forum-2021/
African Smart Cities Summit 2021 - саммит умных технологий для городского хозяйства;Южно-Африканская Республика, Йоханнесбург; с 29 июня по 2 июля ;DMG Events;https://expomap.ru/conference/african-smart-cities-summit-2021/
London Affiliate Conference (LAC) 2021 - конференция маркетинга и партнерских программ;Великобритания, Лондон , ExCeL London; с 3 по 6 февраля с 30 июня по 3 июля ;iGB Affiliate;https://expomap.ru/conference/london-affiliate-conference-lac-2021/
Moscow Urban Forum 2021 - международный конгресс градостроительства, архитектуры, экономики и стратегического планирования городов;Россия, Москва , Зарядье; с 1 по 4 июля ;АНО «Московский урбанистический форум»;https://expomap.ru/conference/moscow-urban-forum-2021/
Conference on Hypertension & Cardio Metabolism 2021 - международная конференция по гипертонии и сердечно-сосудистым заболеваниям;Великобритания, Лондон; с 5 по 6 июля ;Pulsus Group;https://expomap.ru/conference/conference-on-hypertension-cardio-metabolism-2021/
eTailing Summit 2021 - саммит по электронной коммерции (оффлайн+онлайн);Великобритания, Лондон; 11 февраля 2021 7 июля 2021 ;Forum Events Ltd;https://expomap.ru/conference/etailing-summit-2021/
Microscience Microscopy Congress (MMC) 2021 - конференция по микроскопии, научным исследованиям и технологиям;Великобритания, Манчестер , Manchester Central; с 5 по 8 июля ;Royal Microscopical Society;https://expomap.ru/conference/microscience-microscopy-congress-mmc-2021/
Восточный нефтегазовый форум 2021 - международный инвестиционный форум и выставка;Россия, Владивосток; с 7 по 8 июля ;Vostock Capital;https://expomap.ru/conference/vostochnyj-neftegazovyj-forum-2021/
Nigeria Oil and Gas Conference & Exhibition (NOG) 2021 - конференция и выставка нефтегазовой индустрии;Нигерия, Абуджа; с 5 по 8 июля ;DMG Events;https://expomap.ru/conference/nigeria-oil-and-gas-conference-exhibition-nog-2021/
International Conference on Software Engineering, Artificial Intelligence, Networking and Parallel/Distributed Computing (SNPD) 2021 - международная конференция по программной инженерии, искусственному интеллекту, сетевым технологиям и параллельным / распределенным вычислениям;Тайвань, Тайчжун , National Chin-Yi University of Technology; с 7 по 9 июля ;International Association for Computer and Information Science (ACIS);https://expomap.ru/conference/international-conference-on-software-engineering-artificial-intelligence-networking-and-paralleldistributed-computing-snpd-2021/
Asset Recovery LatAm 2021 - международная выставка финансов и судебной защиты;Бразилия, Сан-Паулу; с 8 по 9 июля ;Informa;https://expomap.ru/conference/asset-recovery-latam-2021/
Безопасность на транспорте 2021 - международный форум;"Россия, Санкт-Петербург , КВЦ ""Экспофорум"""; с 8 по 9 июля ;Conference Point;https://expomap.ru/conference/bezopasnost-na-transporte-2021/
Налогообложение холдинговых структур: оптимизация и риски 2021;Россия, Москва; 9 июля 2021 ;CFO-Russia, группа Prosperity Media;https://expomap.ru/conference/nalogooblozhenie-holdingovyh-struktur-optimizatsija-i-riski-2021/
Nanotexnology Conference 2021 - международная конференция по нанотехнологиям, органической электронике и устройствам;Греция, Салоники; с 3 по 10 июля ;TIF HELEXPO SA - Thessaloniki International Exhibition & Congress Centre;https://expomap.ru/conference/nanotexnology-conference-2021/
An Event Apart Washington DC 2021 - конференция для веб-разработчиков;США, Вашингтон , Washington Marriott Wardman Park; с 12 по 14 июля ;An Event Apart LLC;https://expomap.ru/conference/an-event-apart-washington-dc-2021/
Здоровье нации – основа процветания России 2021 - всероссийский форум;Россия, Москва , Гостиный Двор; с 13 по 15 июля ;Общероссийская общественная организация «Лига здоровья нации»;https://expomap.ru/conference/zdorovie-natsii-osnova-protsvetaniya-rossii-2021/
International Wood Construction Forum Paris 2021 - международный форум деревянного домостроения;Франция, Париж , Grand Palais; с 15 по 17 июля ;Forum Bois Construction;https://expomap.ru/conference/international-wood-construction-forum-paris-2021/
ISC West 2021 - конференция по безопасности;США, Лас-Вегас , Sands Expo & Venetian; с 23 по 26 марта с 19 по 21 июля ;Reed Exhibitions USA;https://expomap.ru/conference/isc-west-2021/
IAFP Meeting 2021 - конференция по безопасности и качеству продуктов питания;США, Финикс , Phoenix Convention Center; с 18 по 21 июля ;DSM Corporate, International Association for Food Protection (IAFP);https://expomap.ru/conference/iafp-meeting-2021/
World Mining Congress 2021 - конгресс по добыче полезных ископаемых;Австралия, Брисбен , brisbane-convention-exhibition-centre; с 19 по 22 июля ;CSIRO;https://expomap.ru/conference/world-mining-congress-2021/
The Special Event (TSE) 2021 - конференция и выставка индустрии специальных событий;США, Майами , Miami Beach Convention Center; с 19 по 22 января с 19 по 22 июля ;Penton;https://expomap.ru/conference/the-special-event-tse-2021/
Game Developers Conference (GDC) 2021 - конференция разработчиков игр;США, Сан-Франциско; с 19 по 23 июля ;Informa Markets;https://expomap.ru/conference/game-developers-conference-gdc-2021/
PMA Foodservice 2021 - международная конференция и выставка продуктов питания и напитков;США, Монтерей; с 23 по 24 июля ;Produce Marketing Association (PMA) USA;https://expomap.ru/conference/pma-foodservice-2021/
International Conference on Computer Science Networks and Information Technology (ICCSNIT) 2021 - международная конференция по компьютерным сетям и информационным технологиям;Канада, Монреаль , University of Quebec; с 30 по 31 июля ;Innovative Research Publication;https://expomap.ru/conference/international-conference-on-computer-science-networks-and-information-technology-iccsnit-2021/
International Conference on Structural Civil and Architectural Engineering (ICSCAE) 2021 - международная конференция по структурному гражданскому и архитектурному проектированию;Канада, Монреаль , University of Quebec; с 30 по 31 июля ;Innovative Research Publication;https://expomap.ru/conference/international-conference-on-structural-civil-and-architectural-engineering-icscae-2021/
Мировой конгресс международного фонда расщелины губы и нёба 2021 - конгресс реконструктивной хирургии лица, головы и шеи;Россия, Санкт-Петербург; с 30 июля по 1 августа ;ООО «Мономакс»;https://expomap.ru/conference/mirovoj-kongress-mezhdunarodnogo-fonda-rasscheliny-guby-i-neba-2021/
Forum Deutscher Mittelstand 2021 - конференция по цифровым технологиям;Германия, Штутгарт , ICS Internationales Congresscenter Stuttgart; с 3 по 4 марта с 3 по 4 августа ;IPM AG;https://expomap.ru/conference/forum-deutscher-mittelstand-2021/
Global Blockchain Summit 2021 - международный практический саммит по блокчейн технологиям и криптовалюте;США, Денвер; с 4 по 5 августа ;Mania Events;https://expomap.ru/conference/global-blockchain-summit-2021/
Tanzania Oil & Gas Congress 2021 - нефтегазовый конгресс;Объединенная Республика Танзания, Дар-эс-Салам; с 4 по 5 августа ;DMG Events;https://expomap.ru/conference/tanzania-oil-gas-congress-2021/
Такси 2021 - международный евразийский форум таксомоторной отрасли;Россия, Москва; с 5 по 6 августа ;АНО «МЕФТ»;https://expomap.ru/conference/taxi-2021/
Buona Estetika 2021 - международный конгресс эстетики и здоровья;Аргентина, Буэнос-Айрес; с 7 по 8 августа ;BUONAESTETIKA;https://expomap.ru/conference/buona-estetika-2021/
Внутренний контроль и внутренний аудит как инструменты повышения эффективности бизнеса. Август 2021 - конференция;Россия, Москва; 12 августа 2021 ;CFO-Russia, группа Prosperity Media;https://expomap.ru/conference/vnutrennij-kontrol-i-vnutrennij-audit-kak-instrumenty-povyshenija-effektivnosti-biznesa-august-2021/
IRGCE 2021 - международная конференция и выставка резиновых перчаток;Малайзия, Куала-Лумпур , Kuala Lumpur Convention Centre; с 11 по 13 августа ;Malaysian Rubber Glove Manufacturers Association Malaysia;https://expomap.ru/conference/irgce-2021/
South Atlantic Fire Rescue Convention (SAFRE) 2021 - международная конференция по пожарной безопасности;США, Роли; с 11 по 14 августа ;North Carolina State Firemens Association;https://expomap.ru/conference/south-atlantic-fire-rescue-convention-safre-2021/
AADE 2021 - конференция по лечению диабета;США, Финикс; с 13 по 16 августа ;American Association of Diabetes Educators - AADE;https://expomap.ru/conference/aade-2021/
ASAE Annual Meeting & Exposition 2021 - конференция и выставка индустрии встреч;США, Даллас; с 14 по 17 августа ;ASAE;https://expomap.ru/conference/asae-annual-meeting-exposition-2021/
Wedding & Portrait Photography International (WPPI) Conference 2021 - международная конференция и выставка свадебной и портретной фотографии;США, Лас-Вегас , Mirage; с 7 по 11 марта с 15 по 19 августа ;WPPI Nielsen Expositions;https://expomap.ru/conference/wedding-portrait-photography-international-wppi-conference-2021/
Offshore Technology Conference (OTC) 2021 - конференция и выставка технологий нефтедобывающей промышленности;США, Хьюстон , NRG Park; с 3 по 6 мая с 16 по 19 августа ;SPE;https://expomap.ru/conference/offshore-technology-conference-otc-2021/
International Symposium on Photonics and Optoelectronics (SOPO) 2021 - международный симпозиум по фотонике и оптоэлектронике;Китай, Гуйлинь , Kunming Jin Jiang Hotel; с 17 по 19 августа ;IEEE;https://expomap.ru/conference/international-symposium-on-photonics-and-optoelectronics-sopo-2021/
International Conference on Energy System and Renewable Energy Technologies (ICESRET) Thailand 2021 - международная конференция по энергетическим системам и технологиям возобновляемой энергии;Таиланд, Бангкок; с 19 по 20 августа ;World Academy of Science Engineering and Technology;https://expomap.ru/conference/international-conference-on-energy-system-and-renewable-energy-technologies-icesret-thailand-2021/
Face & Body Northern California 2021 - международная конференция косметологов по уходу за кожей;США, Сан-Хосе , McEnery Convention Center; с 22 по 23 августа ;Allured Business Media;https://expomap.ru/conference/face-body-conference-2021/
ЕвроКом 2021 - российско-Прибалтийский культурно-экономический форум;Эстония, Таллин , Pirita tee 20; с 23 по 25 августа ;Аналитикос;https://expomap.ru/conference/eurocom-2021/
IMAF 2021 - международный форум автомобилестроения в составе MIMS Automechanika Moscow;Россия, Москва , ЦВК «Экспоцентр»; с 24 по 25 августа ;Мессе Франкфурт РУС;https://expomap.ru/conference/imaf-2021/
International Luxury Property and Residency Conference Cyprus 2021 - международная конференция и выставка по элитной недвижимости;Кипр, Лимассол , Amara hotel; с 24 по 25 августа ;ILP Group Ltd. UK;https://expomap.ru/conference/international-luxury-property-and-residency-conference-cyprus-2021/
Microscopy Conference 2021 - международная конференция микроскопии;Австрия, Вена , Messe Wien; с 22 по 26 августа ;DGE;https://expomap.ru/conference/microscopy-conference-2021/
Front Conference Zurich 2021 - конференция для веб-разработчиков;Швейцария, Цюрих , Alte Papierfabrik; с 26 по 27 августа ;Frontend Conference Association;https://expomap.ru/conference/front-conference-zurich-2021/
International Society of Aesthetic Plastic Surgery (ISAPS) World Congress 2021 - всемирный конгресс пластических хирургов;Австрия, Вена , Austria Center Vienna; с 9 по 12 сентября ;Boeld communication GmbH;https://expomap.ru/conference/international-society-of-aesthetic-plastic-surgery-isaps-world-congress-2021/
Международный конгресс по респираторной поддержке 2021 - конгресс;Россия, Красноярск; с 11 по 13 сентября ;Красноярский государственный медицинский университет;https://expomap.ru/conference/mezhdunarodnyij-kongress-po-respiratornoj-podderzhke-2021/
Celle Drilling 2021 - конференция по технологиям бурения;Германия, Целле; с 14 по 15 сентября ;GeoEnergy Celle e.V Germany;https://expomap.ru/conference/celle-drilling-2021/
Well-Being Force 2021 - всероссийский форум заботы о здоровье и благополучии сотрудников;Россия, Москва , Hilton Garden Inn Moscow Krasnoselskaya; 15 сентября 2021 ;Auditorium CG;https://expomap.ru/conference/well-being-force-2021/
Subcon Conf 2021 - конференция по вопросам контрактного производства и промышленных технологий;Великобритания, Бирмингем , NEC Birmingham; с 26 по 28 января с 14 по 16 сентября ;O'Reilly Media, Inc.;https://expomap.ru/conference/subcon-conf-2021/
EMC 2021 - энергетическая конференция и выставка Восточного Средиземноморья;Кипр, Никосия , Filoxenia Conference Centre; с 14 по 16 сентября ;Rota Limited, Athens Greece;https://expomap.ru/conference/emc-2021/
Southeastern Lumber Manufacturers Association (SLMA) D.C. Summit 2021 - международная конференция производителей твердых пиломатериалов;США, Вашингтон , Liaison Capitol Hill; с 14 по 16 сентября ;Southeastern Lumber Manufacturers Association(SLMA);https://expomap.ru/conference/southeastern-lumber-manufacturers-association-slma-dc-summit-2021/
Конференция по нагрузочному тестированию 2021;Россия, Москва; 16 сентября 2021 ;Перфоманс Лаб;https://expomap.ru/conference/konferentsija-po-nagruzochnomu-testirovaniju-2021/
TNF 2021 - международный форум и выставка инноваций ТЭК;Россия, Тюмень , Западно-Сибирский Инновационный Центр; с 14 по 16 сентября ;Нефтегазовый кластер;https://expomap.ru/expo-b/click/7026//
EUHA Congress 2021 - международный конгресс по слухопротезированию;Германия, Ганновер , Deutsche Messe; с 15 по 17 сентября ;The European Union of Hearing Aid Acousticians (EUHA);https://expomap.ru/conference/euha-congress-2021/
EUHA International Congress of Hearing Aid Acousticians 2021 - международный конгресс по инновацим в области слуховых аппаратов;Германия, Ганновер , Deutsche Messe Hannover; с 15 по 17 сентября ;The European Union of Hearing Aid Acousticians (EUHA);https://expomap.ru/conference/euha-landestagung-sud-2021/
International Symposium on Human Identification (ISHI) 2021 - международный симпозиум по криминалистике и идентификации людей по ДНК;США, Орландо , Coronado Springs Resort; с 14 по 17 сентября ;Promega Corporation;https://expomap.ru/conference/international-symposium-on-human-identification-ishi-2021/
Санкт-Петербургский международный Контент Форум 2021;"Россия, Санкт-Петербург , КВЦ ""Экспофорум"""; с 14 по 17 сентября ;IMD Expo International;https://expomap.ru/conference/sankt-peterburgskij-mezhdunarodnyj-kontent-forum-2021/
Корпоративное обучение и развитие персонала 2021 - всероссийский HR форум по обучению и развитию персонала в современном мире;Россия, Москва , Холидей Инн Москва Сущевский; с 15 по 17 сентября ;INTERFORUM;https://expomap.ru/conference/korporativnoe-obuchenie-i-razvitie-personala-2021/
C&B Russia Summit. Осень 2021 - всероссийский саммит по мотивации персонала;Россия, Москва , Hilton Garden Inn Moscow; с 16 по 17 сентября ;Auditorium CG;https://expomap.ru/conference/c-b-russia-summit-osen-2021/
Информационные технологии в промышленности 2021 - дискуссионная встреча;Россия, Москва; 18 сентября 2021 ;CFO-Russia, группа Prosperity Media;https://expomap.ru/conference/informatsionnye-tehnologii-v-promyshlennosti-2021/
Automechanika Conference 2021 - международный форум автомобильной промышленности;Германия, Франкфурт , Messe Frankfurt; с 14 по 18 сентября ;Messe Frankfurt Group;https://expomap.ru/conference/automechanika-conference-2021/
Free/Libre Software and GNU/Linux Conference 2021 - конференция бесплатному программному обеспечению с открытым исходным кодом;Украина, Киев , Nivki-hall; 18 сентября 2021 ;OSDNConf;https://expomap.ru/conference/freelibre-software-and-gnulinux-conference-2021/
Цифровизация транспорта 2021. Процесс трансформации: оценка и перспективы. - конференция;Россия, Москва; 21 сентября 2021 ;"Центр конференций ""Сегодня""";https://expomap.ru/conference/tsifrovizatsija-transporta-2021-protsess-transformatsii-otsenka-i-perspektivy/
Transport Evolution Africa Forum & Expo 2021 - транспортный форум и выставка;Южно-Африканская Республика, Дурбан; с 21 по 22 сентября ;DMG Events;https://expomap.ru/conference/transport-evolution-africa-forum-expo/
Стратегия МСБ 2021 - всероссийский банковский форум;Россия, Москва , Marriott Moscow Hotel Novy Arbat; 22 сентября 2021 ;Auditorium CG;https://expomap.ru/conference/strategija-msb-2021/
AEE Europe Energy 2021 - международный форум энергетики;Ирландия, Дублин , Citywest Convention Centre; с 22 по 23 сентября ;AEE USA;https://expomap.ru/conference/aee-europe-energy-2021/
IPMA World Congress 2021 - всемирный конгресс по проектному управлению в эпоху цифровой трансформации (оффлайн+онлайн);Россия, Санкт-Петербург , Holiday Inn; с 21 по 23 сентября ;IPMA, СОВНЕТ;https://expomap.ru/conference/ipma-world-congress-2021/
"AlumForum 2021 - международный форум ""Алюминий в архитектуре и строительстве""";Россия, Москва , Технопарк Сколково; с 21 по 23 сентября ;Союз архитекторов России, Союз московских архитекторов;https://expomap.ru/conference/alumforum-2021/
ArchGlass 2021 - международный форум индустрии архитектурного стекла;Россия, Москва , Технопарк Сколково; с 21 по 23 сентября ;Союз архитекторов России, Союз московских архитекторов;https://expomap.ru/conference/archglass-2021/
NordicJS 2021 - конференция по JavaScript;Швеция, Стокгольм; с 7 по 8 октября ;Nordic.js;https://expomap.ru/conference/nordicjs-2021/
OpenBio 2021 - научная конференция, выставка и форум в области биофармацевтики и биотехнологии;Россия, Новосибирск , Наукоград Кольцово; с 5 по 8 октября ;АНО «Инновационный центр Кольцово»;https://expomap.ru/conference/openbio-2021/
An Event Apart Denver 2021 - конференция для веб-разработчиков;США, Денвер , Denver Hilton City Center; с 11 по 13 октября ;An Event Apart LLC;https://expomap.ru/conference/an-event-apart-denver-2021/
World Publishing Expo (IFRA Conference) 2021 - всемирный газетный конгресс;Германия, Берлин , Arena Berlin; с 13 по 14 октября ;Publishing Exhibition GmbH & Co. KG;https://expomap.ru/conference/world-publishing-expo-ifra-conference-2021/
Биотехнология: состояние и перспективы развития 2021 - международный конгресс;Россия, Москва , Гостинный двор; с 26 по 29 октября ;Институт биохимической физики им. Н.М.Эмануэля РАН;https://expomap.ru/conference/biotehnologija-sostojanie-i-perspektivy-razvitija-2021/
Annual Meeting of the American Academy of Child and Adolescent Psychiatry (AACAP) 2021 - ежегодная конференция Американской академии детской и подростковой психиатрии;США, Атланта , Hyatt Regency Atlanta and Marriott Atlanta Marquis; с 25 по 30 октября ;American Academy of Child and Adolescent Psychiatry;https://expomap.ru/conference/annual-meeting-of-the-american-academy-of-child-and-adolescent-psychiatry-aacap-2021/
FUTR World Middle East 2021 - конференция торговли и ритейла;ОАЭ, Абу-Даби , MAS Centre; с 18 по 20 марта с 9 по 11 декабря ;Millennial 20 20 Ltd;https://expomap.ru/conference/futr-world-middle-east-2021/
An Event Apart San Francisco 2021 - конференция для веб-разработчиков;США, Сан-Франциско , Westin St. Francis; с 13 по 15 декабря ;An Event Apart LLC;https://expomap.ru/conference/an-event-apart-san-francisco-2021/
