Название гранта;Ссылка;Описание
Грантовый конкурс музейных инициатив и выставочных проектов
Акселератор инклюзивных социальных проектов «Начни иначе»
Стипендия для женщин-ученых «For Women in science»
Межрегиональный конкурс проектных инициатив «ОтЛИЧНОЕ ДЕЛО»
Премия «Жить вместе»
Премия имени Вали Зельдиной
Конкурс грантов мэра Москвы 2021
""
ИЮЛЬ
Конкурс грантов для НКО «Столото»
Ежегодная премия за вклад в развитие и продвижение социального предпринимательства в России «Импульс добра»
Конкурс на обучение по программе повышения квалификации «Стратегия создания и развития фондов целевого капитала»
Международная Премия #МЫВМЕСТЕ
VII Всероссийского конкурса социальных предпринимателей
Ежегодная литературная премия «НОС» (Новая словесность)
МЫ — Всероссийский конкурс национальных видеороликов
Всероссийский конкурс молодежных проектов в рамках форума Евразия Global
Премия МИРа
Международный конкурс «Исследовательские стажировки»
